File Index,Sample #,Date Time,11.5,15.4,20.5,27.4,36.5,48.7,64.9,86.6,115.5,154,205.4,273.8,365.2,Total Conc,Median (nm),Mean (nm),Geo Mean (nm),Mode (nm),GSD,Particle Density (g/cc),Firmware Version,Status
14,1,09:23:04,10.5605,53.2568,65.4466,77.5584,63.7355,52.171,58.7065,79.1628,83.2082,56.7613,15.0065,0,0,615.5742,52.7476,67.2163,50.7354,115.4782,2.1727,1.2,1.3,No errors
14,2,09:24:04,16.9166,73.051,86.4252,72.7296,62.6654,63.3556,70.3167,70.1092,58.0868,36.2843,12.4583,0,0,622.3986,42.507,57.7625,43.3408,20.5353,2.1471,1.2,1.3,No errors
14,3,09:25:04,9.8127,77.3766,92.8923,83.8187,66.1825,56.6514,58.9089,64.7851,62.0303,45.1401,20.0436,0,0,637.6421,40.7938,60.1423,44.1786,20.5353,2.1932,1.2,1.3,No errors
14,4,09:26:04,20.9202,97.5184,98.8141,85.2112,57.0952,44.919,56.8505,78.9559,78.1252,47.9764,8.6006,0,0,674.9866,38.4887,57.9023,42.2219,20.5353,2.2338,1.2,1.3,No errors
14,5,09:27:04,13.0238,91.0882,99.5981,83.0811,53.2558,44.7137,62.3877,86.7466,80.0465,41.9442,0,0,0,655.8858,40.1851,56.8112,42.6172,20.5353,2.1652,1.2,1.3,No errors
14,6,09:28:04,16.3462,79.3482,89.0057,77.8747,57.3482,46.6277,50.6735,59.7899,56.2387,37.4472,13.9516,0,0,584.6517,37.4791,57.0082,41.5842,20.5353,2.2057,1.2,1.3,No errors
14,7,09:29:04,8.9583,78.2743,101.184,98.1995,76.4888,62.0215,65.0401,76.9894,77.4884,54.0099,16.2258,0,0,714.8802,41.8179,60.6775,45.1891,20.5353,2.1649,1.2,1.3,No errors
14,8,09:30:04,18.1774,88.5334,93.4,101.9271,81.8089,60.1009,55.0688,68.4226,73.0608,53.1074,18.7996,0,0,712.407,39.0063,59.1986,43.254,27.3842,2.2065,1.2,1.3,No errors
14,9,09:31:04,16.8039,84.7598,100.0807,83.2982,59.0923,51.6587,63.6542,77.5447,70.5817,41.5401,7.4447,0,0,656.459,39.7568,57.0242,42.4128,20.5353,2.1738,1.2,1.3,No errors
14,10,09:32:04,11.4183,74.7184,80.8596,59.4342,55.2129,66.897,78.7029,73.3445,52.79,26.7089,4.6123,0,0,584.6991,44.8813,55.5205,42.8683,20.5353,2.0782,1.2,1.3,No errors
14,11,09:33:04,13.9859,51.1653,63.7501,60.4155,50.3054,53.2913,70.5345,85.3371,72.4745,36.6403,0.9063,0,0,558.8062,53.2148,61.7621,48.018,86.5964,2.0984,1.2,1.3,No errors
14,12,09:34:04,16.7237,52.7137,53.6621,59.2448,60.4252,59.3426,58.1023,56.3828,49.7349,36.4836,19.8309,4.8619,0,527.5085,47.6322,64.9211,47.6444,36.5174,2.2145,1.2,1.3,No errors
14,13,09:35:04,10.2453,41.6145,60.3304,58.6835,46.7021,43.6694,55.9477,71.7832,73.64,51.8449,16.5168,0,0,530.9779,58.2548,69.9947,52.7545,115.4782,2.1933,1.2,1.3,No errors
14,14,09:36:04,0,53.189,69.5088,66.3374,49.3437,44.1069,55.6621,72.2219,67.7875,39.6581,5.9031,0,0,523.7187,50.172,63.066,48.3851,86.5964,2.1107,1.2,1.3,No errors
14,15,09:37:04,10.5239,42.7503,52.8107,60.3125,55.4114,52.2509,56.9345,64.4515,58.2999,35.287,7.6837,0,0,496.7164,49.8276,62.6244,48.1975,86.5964,2.1033,1.2,1.3,No errors
14,16,09:38:04,12.1348,53.9036,55.7211,57.1314,63.0166,67.3381,65.8378,57.6679,50.199,39.0119,20.8506,2.1991,0,545.0119,49.0643,64.6167,48.3006,48.6968,2.1663,1.2,1.3,No errors
14,17,09:39:04,0,43.2583,56.1141,43.119,48.6274,67.4756,81.7681,75.6451,55.4342,29.9268,6.3247,0,0,507.6933,55.8176,63.4833,50.7961,64.9382,1.996,1.2,1.3,No errors
14,18,09:40:04,8.3748,35.4258,48.9968,56.608,62.9308,69.0258,70.2955,59.8044,33.4773,2.1506,0,0,0,447.09,44.9146,50.9937,42.5999,64.9382,1.8535,1.2,1.3,No errors
14,19,09:41:04,0,0,0,0,0,0,0,0,0,0,0,0,0,0,0,0,0,0,0,1.2,1.3,No errors
14,20,09:42:04,0,0,0,0,0,0,0,0,0,0,0,0,0,0,0,0,0,0,0,1.2,1.3,No errors
14,21,09:43:04,0,0,0,0,0,0,0,0,0,0,0,0,0,0,0,0,0,0,0,1.2,1.3,No errors
14,22,09:44:04,0,0,0,0.0062,0.0078,0,0,0,0.0586,0.1029,0,0,0,0.1756,141.3495,131.4082,123.3911,153.9927,1.5228,1.2,1.3,No errors
14,23,09:45:04,0,0,0,0,0,0,0,0,0,0,0,0,0,0,0,0,0,0,0,1.2,1.3,No errors
14,24,09:46:04,0,0,0,0,0,0,0,0,0,0,0,0,0,0,0,0,0,0,0,1.2,1.3,No errors
14,25,09:47:04,0,0,0,0,0,0,0,0,0,0,0,0,0,0,0,0,0,0,0,1.2,1.3,No errors
14,26,09:48:04,0,0,0.0074,0,0,0,0.0629,0.084,0,0,0,0.1277,0.203,0.485,294.7882,248.6822,201.8481,365.1741,2.0879,1.2,1.3,No errors
14,27,09:49:04,0,0,0,0,0,0,0,0,0,0,0,0,0,0,0,0,0,0,0,1.2,1.3,No errors
14,28,09:50:04,0,0,0,0,0,0,0,0,0,0,0,0,0,0,0,0,0,0,0,1.2,1.3,No errors
14,29,09:51:04,0,0,0,0,0,0,0,0,0,0,0,0,0,0,0,0,0,0,0,1.2,1.3,No errors
14,30,09:52:04,0,0,0,0,0,0,0,0,0,0,0,0,0,0,0,0,0,0,0,1.2,1.3,No errors
14,31,09:53:04,0,0,0,0,0,0,0,0,0,0,0,0,0,0,0,0,0,0,0,1.2,1.3,No errors
14,32,09:54:04,0,0,0,0,0,0,0,0,0,0,0,0,0,0,0,0,0,0,0,1.2,1.3,No errors
14,33,09:55:04,0,0,0,0,0,0,0,0,0,0,0,0,0,0,0,0,0,0,0,1.2,1.3,No errors
14,34,09:56:04,0,0,0,0,0,0,0,0,0,0,0,0,0,0,0,0,0,0,0,1.2,1.3,No errors
14,35,09:57:04,0,0,0,0,0,0,0,0,0,0,0,0,0,0,0,0,0,0,0,1.2,1.3,No errors
14,36,09:58:04,0,0,0,0,0,0,0,0,0,0,0,0,0,0,0,0,0,0,0,1.2,1.3,No errors
14,37,09:59:04,0,0,0,0,0,0,0,0,0,0,0,0,0,0,0,0,0,0,0,1.2,1.3,No errors
14,38,10:00:04,0,0,0,0,0.0285,0.0471,0,0,0,0,0.1695,0.3307,0.2358,0.8114,278.4367,264.6858,236.3164,273.842,1.7841,1.2,1.3,No errors
14,39,10:01:04,0,0,0,0,0,0,0,0,0,0,0,0,0,0,0,0,0,0,0,1.2,1.3,No errors
14,40,10:02:04,0,0,0,0,0.0285,0.0471,0,0,0,0,0.1695,0.3307,0.2358,0.8114,278.4367,264.6858,236.3164,273.842,1.7841,1.2,1.3,No errors
14,41,10:03:04,0,0.0234,0,0,0.0565,0.2813,0.2756,0,0,0,0,0.1117,0.1218,0.8702,61.9038,125.3395,83.9922,48.6968,2.3375,1.2,1.3,No errors
14,42,10:04:04,0.1633,0,0,0.2092,0.6653,0.6438,0.1572,0,0,0,0.3006,0.3941,0.1785,2.712,49.6305,113.6815,69.6659,36.5174,2.6874,1.2,1.3,No errors
14,43,10:05:04,0,0,0,0,0,0,0,0,0,0,0,0,0,0,0,0,0,0,0,1.2,1.3,No errors
14,44,10:06:04,0,0,0,0,0,0,0,0,0,0,0,0,0,0,0,0,0,0,0,1.2,1.3,No errors
14,45,10:07:04,0,0,0,0,0,0,0,0,0,0,0,0,0,0,0,0,0,0,0,1.2,1.3,No errors
14,46,10:08:04,0,0,0,0,0,0,0,0,0,0,0,0,0,0,0,0,0,0,0,1.2,1.3,No errors
14,47,10:09:04,0,0,0,0,0,0,0,0,0,0,0,0,0,0,0,0,0,0,0,1.2,1.3,No errors
14,48,10:10:04,0,0,0,0,0,0,0,0,0,0,0,0,0,0,0,0,0,0,0,1.2,1.3,No errors
14,49,10:11:04,0,0.0129,0.0135,0,0,0.137,0.2948,0.2904,0.1231,0,0,0,0,0.8717,74.3303,75.3184,71.2561,64.9382,1.434,1.2,1.3,No errors
14,50,10:12:04,0,0,0.2747,0.1298,0,0,0,0.175,0.3275,0.3061,0.1278,0,0,1.3408,110.4006,101.0913,76.6343,115.4782,2.3149,1.2,1.3,No errors
14,51,10:13:04,0.105,0,0,0.2457,0.3064,0.0625,0,0,0,0.2751,0.3386,0.1869,0,1.5203,141.3384,121.8484,79.5388,205.3525,2.7731,1.2,1.3,No errors
14,52,10:14:04,0.0622,0,0,0.2444,0,0,0.1682,0.784,0.8952,0.3602,0,0,0,2.5141,100.9846,97.477,86.9426,115.4782,1.7477,1.2,1.3,No errors
14,53,10:15:04,0,0.2972,0.0971,0,0,0.3031,0.6896,0.6656,0.1218,0,0,0,0.1399,2.3143,69.4521,81.628,61.5666,64.9382,2.101,1.2,1.3,Inlet flow error; Charger flow error; 
14,54,10:16:04,0.3839,0.9159,0.8233,2.2206,3.5777,3.7222,2.6096,1.1326,0.5278,0.5369,0.4737,0.1982,0,17.1224,45.0496,56.7019,45.6001,48.6968,1.8823,1.2,1.3,No errors
14,55,10:17:04,0,0.1647,1.1436,0.7841,3.397,5.7643,5.4429,2.034,0,0,0,0.9642,1.0354,20.7301,54.6268,78.3387,58.727,48.6968,1.9389,1.2,1.3,No errors
14,56,10:18:04,0.4398,0.2386,0.4515,3.5792,3.1809,1.161,0.0244,1.2175,2.6665,2.3244,0.4775,0,0,15.7612,42.5753,73.5763,55.6371,27.3842,2.1466,1.2,1.3,No errors
14,57,10:19:04,0,0.2264,1.363,0.1359,1.9656,4.399,4.8945,2.3417,0,0,0,0.1272,0.6764,16.1298,56.7364,69.6637,56.0128,64.9382,1.7945,1.2,1.3,No errors
14,58,10:20:04,1.8393,0.6747,0,3.975,4.7751,2.7583,0.6763,0.955,1.8965,1.8611,0.8753,0,0,20.2866,40.1059,62.1664,45.6696,36.5174,2.1854,1.2,1.3,No errors
14,59,10:21:04,1.1484,0.56,0.7494,0.9412,2.4184,3.304,2.7507,0.8025,0,0,0,0.02,0.262,12.9567,45.4493,51.0566,40.5677,48.6968,1.9044,1.2,1.3,No errors
14,60,10:22:04,4605.1416,4441.5088,2590.623,12444.2354,30310.1758,44343.6289,46000.4531,34220.8164,15357.5967,0,0,0,0,194314.1797,56.3117,59.2126,52.9674,64.9382,1.6541,1.2,1.3,No errors
14,61,10:23:04,0,186.9028,104.4882,0,0,4942.5244,12119.0645,16577.168,14387.1279,6836.8198,0,0,0,55154.0956,91.3527,93.963,88.6137,86.5964,1.4223,1.2,1.3,No errors
14,62,10:24:04,0,38.0597,257.7739,0,0,1005.1678,5449.478,9572.793,9828.7793,5848.3232,491.3228,0,0,32491.6977,100.8329,103.8474,98.0496,115.4782,1.4234,1.2,1.3,Charger flow error; 
14,63,10:25:04,0,0,102.6648,0,0,0,1295.522,2788.405,3204.2747,2206.7241,577.4277,0,0,10175.0184,110.5119,113.6236,107.1872,115.4782,1.4265,1.2,1.3,Charger flow error; 
14,64,10:26:04,0,0,171.3731,0,0,0,1901.8296,4358.3848,5141.4092,3592.8977,928.1456,0,0,16094.0399,111.6253,114.4547,108.0049,115.4782,1.4271,1.2,1.3,No errors
14,65,10:27:04,0,0,131.8981,0,0,0,1225.9946,3174.2808,3976.7522,2976.3052,983.1874,0,0,12468.4183,115.46,118.4321,111.6125,115.4782,1.4341,1.2,1.3,No errors
14,66,10:28:04,0,0,110.1232,0,0,0,951.9435,2437.6541,3092.9077,2388.6289,885.6498,0,0,9866.9072,116.6582,119.798,112.6753,115.4782,1.4438,1.2,1.3,No errors
14,67,10:29:04,0,0,85.0478,12.6625,0,0,674.4844,1924.7726,2553.8738,2059.5715,851.4146,0,0,8161.8271,119.2983,122.4588,115.1328,115.4782,1.4473,1.2,1.3,No errors
14,68,10:30:04,0,0,68.7331,23.4774,0,0,512.8016,1557.3792,2109.1611,1720.5811,716.2304,0,0,6708.3639,120.0786,123.1026,115.6779,115.4782,1.4518,1.2,1.3,No errors
14,69,10:31:04,0,0,64.3428,39.6697,0,0,401.9757,1351.5504,1848.3821,1504.2969,626.4645,0,0,5836.6821,120.377,123.237,115.5768,115.4782,1.4651,1.2,1.3,No errors
14,70,10:32:04,0,0,48.2536,34.2506,0,0,297.6629,1052.0414,1508.131,1310.4067,637.2289,0,0,4887.9751,123.6448,126.6715,118.7657,115.4782,1.4665,1.2,1.3,No errors
14,71,10:33:04,0,0,43.655,30.2623,0,0,231.976,862.9163,1266.17,1126.0277,569.9818,0,0,4130.9891,124.9019,127.8573,119.7878,115.4782,1.4722,1.2,1.3,No errors
14,72,10:34:04,0,0,38.4799,23.0593,0,0,218.3761,765.6459,1086.0858,936.3008,455.8568,0,0,3523.8046,123.2633,126.3177,118.3374,115.4782,1.471,1.2,1.3,No errors
14,73,10:35:04,0,0,31.023,22.8445,0,0,181.847,661.2549,953.298,829.8347,403.933,0,0,3084.035,123.8391,126.8325,118.8945,115.4782,1.4682,1.2,1.3,No errors
14,74,10:36:04,0,0,25.7794,16.1557,0,0,146.3241,538.4495,793.5596,722.397,395.7811,33.2353,0,2671.6816,126.9038,131.1384,122.4892,115.4782,1.4795,1.2,1.3,No errors
14,75,10:37:04,0,0,23.6812,30.3429,0,0,106.2465,483.7137,743.0823,677.1169,350.4644,0,0,2414.6479,126.5843,129.2752,120.9449,115.4782,1.4837,1.2,1.3,No errors
14,76,10:38:04,0,0,20.6191,27.772,0,0,89.9922,424.605,652.7279,596.5126,315.1131,5.6682,0,2133.0101,127.0322,130.0008,121.4978,115.4782,1.4877,1.2,1.3,No errors
14,77,10:39:04,0,0,19.0511,12.4515,0,0,97.9914,379.0247,565.9388,516.4702,279.5808,17.5644,0,1888.0729,126.9697,130.8352,122.3046,115.4782,1.4786,1.2,1.3,No errors
14,78,10:40:04,0,0,16.5959,8.0769,0,0,92.5117,331.0736,486.6698,443.4753,243.6379,22.0245,0,1644.0655,126.9183,131.2563,122.577,115.4782,1.4796,1.2,1.3,No errors
14,79,10:41:04,0,0,13.317,16.3932,0,0,63.0994,283.6721,438.5741,409.529,228.9305,22.8478,0,1476.363,128.8288,133.0047,123.9754,115.4782,1.4934,1.2,1.3,No errors
14,80,10:42:04,0,0,11.7205,7.2939,0,0,68.7098,251.4081,373.5421,346.0396,198.3463,29.0178,0,1286.0783,128.4535,133.5643,124.4455,115.4782,1.4871,1.2,1.3,No errors
14,81,10:43:04,0,0,11.7739,14.2339,0,0,45.4655,223.4663,346.666,325.6832,187.6733,27.1031,0,1182.0652,129.8194,134.5795,125.0222,115.4782,1.509,1.2,1.3,No errors
14,82,10:44:04,0,0,8.4119,5.2563,0,0,45.2056,179.8861,289.9462,290.6393,183.2547,42.2089,0,1044.809,134.003,139.9863,130.2415,153.9927,1.4915,1.2,1.3,No errors
14,83,10:45:04,0,0,8.8578,11.7086,0,0,32.6478,173.6767,275.3438,262.3977,153.3076,23.3799,0,941.32,130.8711,135.7141,126.1273,115.4782,1.5074,1.2,1.3,No errors
14,84,10:46:04,0,0,9.6591,13.2928,0,0,32.0364,179.9969,282.5509,258.9538,134.9461,0,0,911.436,127.3628,129.9563,121.4765,115.4782,1.4916,1.2,1.3,No errors
14,85,10:47:04,0,0,5.2586,11.3464,0,0,24.4555,129.0601,215.3788,217.0833,136.5416,30.4876,0,769.6117,134.6269,140.1637,129.9341,153.9927,1.516,1.2,1.3,No errors
14,86,10:48:04,0,0,5.0597,0.6182,0,0,31.2555,108.8273,172.2875,176.3348,119.6801,39.6052,0,653.6683,136.9744,143.8749,133.5219,153.9927,1.4952,1.2,1.3,No errors
14,87,10:49:04,0,0,5.6656,9.3836,0,0,14.8656,104.862,177.4855,177.9246,110.2848,22.3868,0,622.8586,134.5772,139.826,129.6289,153.9927,1.5212,1.2,1.3,No errors
14,88,10:50:04,0,0,5.7686,10.7535,0,0,14.8801,110.4892,181.4364,174.1286,100.4487,12.3536,0,610.2587,131.3554,135.5556,125.9151,115.4782,1.5168,1.2,1.3,No errors
14,89,10:51:04,0,0,3.2548,6.4039,0,0,13.0582,80.943,138.3721,147.1502,105.6077,40.1007,0,534.8906,142.4962,148.4539,137.1815,153.9927,1.5249,1.2,1.3,Charger flow error; 
14,90,10:52:04,0.0261,0.681,1.1743,0,0,0.2369,2.0334,3.1081,2.5388,1.0376,0,0,0,10.8364,86.0636,83.1097,69.9567,86.5964,1.9559,1.2,1.3,Charger flow error; 
14,91,10:53:04,0.1051,0.2507,0,0.1894,0.2391,0.3741,0.6248,0.9224,0.5522,0.0756,0.1005,0.3897,0.4227,4.2463,85.0794,121.2255,84.2158,86.5964,2.4191,1.2,1.3,No errors
14,92,10:54:04,0.2257,0,0,0.8187,0.1698,0,0.0813,1.7214,2.4449,1.4668,0,0,0,6.9287,107.2039,100.1331,86.3563,115.4782,1.8933,1.2,1.3,No errors
14,93,10:55:04,0.1779,0.0847,0.3015,0.0623,0.4925,0.7029,0.3583,0,0,0.5018,1.1411,1.1208,0.3771,5.321,177.7484,158.4244,107.7693,205.3525,2.7233,1.2,1.3,No errors
14,94,10:56:04,0.2636,0.3623,0.0329,1.2414,1.6096,1.1155,0.332,0,0.1468,0.0805,0,0,0,5.1845,36.5325,39.9821,35.1649,36.5174,1.6466,1.2,1.3,No errors
14,95,10:57:04,0.7209,0.9462,0.3212,0.5673,0.6235,0.6741,0.8445,1.0987,0.8289,0.262,0,0,0,6.8872,48.1852,56.1431,42.0104,86.5964,2.2392,1.2,1.3,No errors
14,96,10:58:04,0,0,0.5513,0.8975,0.5058,0,0,0.4634,1.5475,1.5365,0.2046,0,0,5.7066,110.5165,96.6999,75.8408,115.4782,2.1633,1.2,1.3,No errors
14,97,10:59:04,0,0.184,0.2418,0.3801,0.0303,0.0186,0.5988,1.4416,1.4918,0.6153,0,0,0,5.0023,94.1307,90.152,77.9068,115.4782,1.853,1.2,1.3,No errors
14,98,11:00:04,0.1667,0,0,0.2867,0.5859,0.443,0.0671,0,0.1759,0.5687,0.6093,0.3,0,3.2032,111.0511,116.2139,81.4418,205.3525,2.4997,1.2,1.3,No errors
14,99,11:01:04,0.0594,0.2481,0.013,0.1915,0.9306,1.2342,0.6561,0,0,0,0.3051,1.0578,0.8252,5.521,59.2343,144.9692,89.4449,48.6968,2.7751,1.2,1.3,No errors
14,100,11:02:04,0,0.3272,0.5791,0,0,0.0604,0.848,1.1885,0.3811,0,0,0,0.3196,3.7039,76.5605,91.4132,64.2145,86.5964,2.3217,1.2,1.3,No errors
14,101,11:03:04,0.1619,0.0231,0.4103,0.3481,0,0,0.3314,0.936,1.0321,0.665,0.2409,0,0,4.149,97.3541,94.9223,75.5735,115.4782,2.1643,1.2,1.3,No errors
14,102,11:04:04,0.1895,0.3445,0.3458,0.0477,0,0,0.5892,1.6444,1.6815,0.7425,0,0,0,5.5851,95.3747,90.4339,75.2091,115.4782,2.0554,1.2,1.3,No errors
14,103,11:05:04,1.0462,0,0,4.9729,0.9292,0,0,0,61.1136,59.5551,0,0,0,127.617,132.3901,128.592,121.5179,115.4782,1.5101,1.2,1.3,No errors
14,104,11:06:04,32.3433,291.3531,0,0,2906.582,10922.4287,18239.9043,20000.7461,14442.6416,5036.8813,0,0,0,71872.8806,80.2448,83.5197,77.9515,86.5964,1.462,1.2,1.3,No errors
14,105,11:07:04,0,81.5359,167.5794,0,0,2092.9851,6573.3145,10003.0068,9410.3506,5077.147,0,0,0,33405.9193,95.4405,97.834,92.3597,86.5964,1.4227,1.2,1.3,No errors
14,106,11:08:04,0,21.215,174.3948,0,0,572.061,3434.051,6151.2358,6385.7183,3900.533,522.0937,0,0,21161.3025,102.2389,105.5095,99.4506,115.4782,1.4297,1.2,1.3,No errors
14,107,11:09:04,0,0,130.5282,0,0,44.8923,1962.4666,4119.0581,4702.7056,3203.783,766.097,0,0,14929.5307,109.6922,112.7122,106.4433,115.4782,1.4198,1.2,1.3,No errors
14,108,11:10:04,0,0,105.9744,0,0,0,1303.243,2970.3462,3536.7537,2536.3286,755.6418,0,0,11208.2877,112.7051,115.8245,109.2331,115.4782,1.4275,1.2,1.3,No errors
14,109,11:11:04,0,0,84.5317,0,0,0,930.8753,2184.9834,2695.6057,2046.6014,739.1579,0,0,8681.7554,115.2947,118.597,111.6052,115.4782,1.4381,1.2,1.3,No errors
14,110,11:12:04,0,0,70.249,0,0,0,665.3781,1726.5117,2209.1887,1722.5121,657.0383,0,0,7050.878,117.2565,120.4747,113.4125,115.4782,1.4382,1.2,1.3,No errors
14,111,11:13:04,0,0,58.2339,0,0,0,534.1177,1383.1686,1775.4425,1400.2573,560.768,0,0,5711.988,117.7488,121.0555,113.866,115.4782,1.4422,1.2,1.3,No errors
14,112,11:14:04,0,0,42.849,2.3837,0,0,400.0186,1066.0115,1404.8408,1156.6821,527.153,0,0,4599.9388,119.9561,123.4442,116.0281,115.4782,1.4453,1.2,1.3,No errors
14,113,11:15:04,0,0,37.607,4.6506,0,0,333.1852,906.6871,1216.7052,1014.0406,459.178,0,0,3972.0536,120.5326,123.8662,116.4061,115.4782,1.4475,1.2,1.3,No errors
14,114,11:16:04,0,0,32.7316,13.7335,0,0,271.1067,780.3196,1038.5215,850.5739,381.5327,0,0,3368.5194,120.0639,123.3431,115.7355,115.4782,1.4571,1.2,1.3,No errors
14,115,11:17:04,0,0,26.8826,8.5334,0,0,217.516,635.7177,867.5121,734.722,349.9716,0,0,2840.8553,121.694,125.0151,117.3648,115.4782,1.4544,1.2,1.3,No errors
14,116,11:18:04,0,0,22.8428,1.6778,0,0,195.3888,548.1816,747.0183,644.4257,327.7129,3.0736,0,2490.3215,122.558,126.2139,118.516,115.4782,1.4504,1.2,1.3,No errors
14,117,11:19:04,0,0,23.3804,6.4081,0,0,168.0087,493.2516,666.8616,559.174,264.709,0,0,2181.7934,121.2426,124.5558,116.8112,115.4782,1.4607,1.2,1.3,No errors
14,118,11:20:04,0,0,18.0414,9.8907,0,0,127.3107,404.9203,575.619,503.3218,248.164,0,0,1887.268,123.4866,126.5924,118.7357,115.4782,1.4623,1.2,1.3,No errors
14,119,11:21:04,0,0,16.1986,0,0,0,133.3058,355.9521,475.1968,407.8315,212.7994,13.7648,0,1615.0491,122.4582,126.9062,118.7119,115.4782,1.4648,1.2,1.3,No errors
14,120,11:22:04,0,0,16.2438,9.2903,0,0,99.395,331.2308,456.5387,384.7306,184.1889,0,0,1481.6182,122.0479,125.2114,117.268,115.4782,1.4709,1.2,1.3,No errors
14,121,11:23:04,0,0,10.9515,3.8706,0,0,82.6169,253.3258,369.2516,338.3598,184.1475,11.3388,0,1253.8624,126.2404,130.2364,121.936,115.4782,1.465,1.2,1.3,No errors
14,122,11:24:04,0,0,10.2806,8.8394,0,0,71.5259,245.2102,354.4232,316.2304,166.312,5.8766,0,1178.6983,125.1391,128.7178,120.4416,115.4782,1.4726,1.2,1.3,No errors
14,123,11:25:04,0,0,4.3488,0,0,0,43.8657,118.6435,168.8711,153.6808,82.5921,3.6878,0,575.6898,125.1802,129.1476,121.2444,115.4782,1.4477,1.2,1.3,No errors
14,124,11:26:04,0,0,8.7866,5.7528,0,0,69.1504,215.1683,289.7695,238.5492,109.2212,0,0,936.398,120.7305,123.9719,116.2631,115.4782,1.4614,1.2,1.3,No errors
14,125,11:27:04,0,0,8.4344,3.7291,0,0,63.5733,188.2534,253.6709,210.9825,98.7396,0,0,827.3831,120.9239,124.2053,116.4387,115.4782,1.4628,1.2,1.3,No errors
14,126,11:28:04,0,0,7.2774,3.8596,0,0,46.4208,157.0066,233.6262,213.6954,112.3929,0.0262,0,774.3052,125.9313,128.9407,121.0042,115.4782,1.4612,1.2,1.3,No errors
14,127,11:29:04,0,0,6.3076,0.5461,0,0,40.8678,120.8538,184.0579,179.7387,108.6526,19.4691,0,660.4935,130.6368,136.0203,126.6705,115.4782,1.485,1.2,1.3,No errors
14,128,11:30:04,0,0,6.1521,4.7355,0,0,41.0308,135.8027,189.9223,162.0849,77.8511,0,0,617.5794,122.5186,125.5858,117.6145,115.4782,1.4711,1.2,1.3,No errors
14,129,11:31:04,0,0,5.8631,8.8887,0,0,30.8248,127.3981,177.7158,145.9335,65.5008,0,0,562.1248,121.5327,124.2491,115.9679,115.4782,1.4935,1.2,1.3,No errors
14,130,11:32:04,0,0,4.3855,2.0514,0,0,33.6925,103.9366,149.0522,132.8918,68.5697,0.0386,0,494.6184,124.3788,127.5789,119.7383,115.4782,1.4576,1.2,1.3,No errors
14,131,11:33:04,0,0,6.091,3.7673,0,0,27.7465,100.5389,136.8629,111.7552,50.6286,0,0,437.3905,120.8705,123.7961,115.5997,115.4782,1.4899,1.2,1.3,No errors
14,132,11:34:04,0,0,4.2426,3.0048,0,0,31.3532,100.5943,133.9198,107.9631,47.7661,0,0,428.8439,119.9666,123.1585,115.4561,115.4782,1.4643,1.2,1.3,No errors
14,133,11:35:04,0,0,2.9535,2.818,0,0,22.9447,73.6841,105.5529,95.1011,52.6039,6.1534,0,361.8116,126.1005,130.8137,121.8373,115.4782,1.4883,1.2,1.3,No errors
14,134,11:36:04,0,0,2.1429,2.5343,0,0,19.4643,62.076,87.9286,82.585,54.476,19.483,0,330.6901,131.3625,139.5455,128.5774,115.4782,1.5247,1.2,1.3,No errors
14,135,11:37:04,0,0,1.1625,0.634,0.2182,0.2416,0.5165,0.5353,0.3324,0.1739,0.1521,0.1942,0.1129,4.2737,49.7892,77.6064,52.1667,20.5353,2.3518,1.2,1.3,No errors
14,136,11:38:04,0,0,0.5681,0.9723,0.4166,0,0,0.5581,1.066,0.8756,0.1973,0,0,4.654,92.52,86.0095,65.2747,115.4782,2.2109,1.2,1.3,No errors
14,137,11:39:04,0,0,0.3273,0.0784,0,0,0.3678,1.0535,1.213,0.6987,0,0,0,3.7386,102.2155,99.4085,88.5714,115.4782,1.738,1.2,1.3,No errors
14,138,11:40:04,0.5182,0.4435,0,0,0.7167,1.1145,0.7366,0,0,0.0561,0.5907,0.764,0.3618,5.3019,55.0082,115.4939,67.2599,48.6968,2.9675,1.2,1.3,No errors
14,139,11:41:04,0.0079,0.1354,0.9104,1.043,0.848,0.7768,0.951,1.0739,0.7324,0.0387,0,0,0,6.5176,48.3506,55.7748,47.0148,86.5964,1.8147,1.2,1.3,No errors
14,140,11:42:04,0.7848,0.0533,0,0.893,1.2264,0.6764,0.0256,0,0.141,0.1719,0.1468,0.0742,0.0283,4.2218,35.2507,51.4671,35.5008,36.5174,2.2075,1.2,1.3,No errors
14,141,11:43:04,0.2687,0.2753,0.3513,0.5474,0.4586,0.3633,0.5173,0.8836,1.1781,0.9836,0.3327,0,0,6.1598,84.2923,86.0295,65.5632,115.4782,2.2531,1.2,1.3,No errors
14,142,11:44:04,0,0.3179,1.4308,0.3353,0,0.0529,0.9439,1.3121,0.6081,0,0,0,0.1376,5.1386,65.4998,66.4449,49.029,20.5353,2.1808,1.2,1.3,No errors
14,143,11:45:04,0.0569,0.5089,0.0829,0.2055,0.8595,1.1093,0.5865,0,0,0,0.3802,0.5668,0.2731,4.6296,50.3068,102.0211,62.2911,48.6968,2.6355,1.2,1.3,No errors
14,144,11:46:04,0,0.2448,0.2773,0,0.1618,0.8159,1.3357,1.2036,0.1652,0,0,0,0.2978,4.5021,67.4753,83.0498,64.3109,64.9382,1.9597,1.2,1.3,No errors
14,145,11:47:04,0,0.7312,0.3897,0.2432,0,0,0,0.2867,0.2493,0.1614,0.3195,0.5027,0.3794,3.2631,99.3365,136.7369,73.4235,15.3993,3.4421,1.2,1.3,No errors
14,146,11:48:04,0.4874,0.1195,0,0.1854,0.2735,0.112,0.0238,0.2283,0.6736,0.8622,0.5637,0.0356,0,3.5651,118.679,108.0997,75.4492,153.9927,2.7182,1.2,1.3,No errors
14,147,11:49:04,0,0,0.3487,0.1992,0,0,0.212,1.3102,1.7713,1.1789,0.0492,0,0,5.0695,109.8774,105.7368,94.4255,115.4782,1.7352,1.2,1.3,No errors
14,148,11:50:04,0.14,0.2311,0,0.3359,0.29,0.1365,0.2067,0.6361,0.9236,0.6954,0.1186,0,0,3.7137,96.2967,91.0675,71.9573,115.4782,2.1776,1.2,1.3,No errors
14,149,11:51:04,575.2767,378.783,0,0,8062.8394,19400.5352,27036.9609,25877.1914,16167.502,3772.426,0,0,0,101271.5145,72.39,75.9955,70.4486,64.9382,1.4958,1.2,1.3,No errors
14,150,11:52:04,0,113.0028,130.162,0,0,2954.7444,8177.9243,11871.7754,10825.0732,5589.4707,0,0,0,39662.1528,93.765,96.2683,90.8369,86.5964,1.4223,1.2,1.3,No errors
14,151,11:53:04,0,24.9906,192.354,0,0,674.665,3934.4331,7040.4839,7368.4849,4557.4214,638.0306,0,0,24430.8635,102.6311,105.8536,99.7488,115.4782,1.4304,1.2,1.3,No errors
14,152,11:54:04,0,0,155.9594,0,0,91.7259,2298.8774,4697.8677,5292.3921,3562.9023,814.2105,0,0,16913.9354,108.7579,111.7889,105.4918,115.4782,1.4237,1.2,1.3,No errors
14,153,11:55:04,0,0,115.6408,0,0,0,1447.5668,3268.689,3894.1802,2808.0046,854.092,0,0,12388.1734,112.825,115.992,109.3639,115.4782,1.4283,1.2,1.3,No errors
14,154,11:56:04,0,0,97.6037,0,0,0,1006.6962,2466.8667,3038.2207,2270.7693,786.3827,0,0,9666.5393,115.0358,118.2445,111.3508,115.4782,1.4358,1.2,1.3,No errors
14,155,11:57:04,0,0,75.7074,0,0,0,732.3423,1887.0183,2410.9961,1881.4828,720.7169,0,0,7708.2638,117.2374,120.4777,113.4141,115.4782,1.438,1.2,1.3,No errors
14,156,11:58:04,0,0,61.8532,0,0,0,541.045,1467.7964,1919.2179,1540.0919,641.9959,0,0,6172.0003,118.8643,122.1868,114.9574,115.4782,1.4416,1.2,1.3,No errors
14,157,11:59:04,0,0,52.3274,4.7587,0,0,438.4927,1217.0642,1583.0497,1262.1709,530.314,0,0,5088.1775,118.7362,122.0766,114.7683,115.4782,1.446,1.2,1.3,No errors
14,158,12:00:04,0,0,45.1599,18.3281,0,0,334.4665,1011.9404,1351.8391,1093.5973,464.7137,0,0,4320.045,119.7362,122.8513,115.321,115.4782,1.457,1.2,1.3,No errors
14,159,12:01:04,0,0,33.8272,14.9483,0,0,267.7542,817.895,1137.2548,966.249,444.7482,0,0,3682.6766,121.9839,125.1187,117.5235,115.4782,1.4533,1.2,1.3,No errors
14,160,12:02:04,0,0,29.6988,7.2408,0,0,226.0556,670.9259,926.3766,800.9363,404.6424,0,0,3065.8764,122.8273,126.227,118.4737,115.4782,1.4558,1.2,1.3,No errors
14,161,12:03:04,0,0,26.0722,11.2969,0,0,186.5715,588.7455,816.8377,697.4672,336.9957,0,0,2663.9867,122.461,125.7057,117.958,115.4782,1.4589,1.2,1.3,No errors
14,162,12:04:04,0,0,22.4674,12.8315,0,0,150.8456,495.9185,707.298,625.437,325.2634,7.552,0,2347.6134,124.4657,127.9619,119.8347,115.4782,1.4685,1.2,1.3,No errors
14,163,12:05:04,0,0,21.6491,7.6623,0,0,143.5822,456.1489,627.9732,532.4442,257.1631,0,0,2046.6229,122.1945,125.474,117.6957,115.4782,1.4612,1.2,1.3,No errors
14,164,12:06:04,0,0,19.976,14.8713,0,0,110.4889,398.8316,563.5506,482.9899,236.1516,0,0,1826.8599,123.1177,126.1612,118.0773,115.4782,1.4765,1.2,1.3,No errors
14,165,12:07:04,0,0,15.0976,9.9173,0,0,105.9891,350.5561,484.0697,406.9832,191.4526,0,0,1564.0656,121.9545,125.128,117.3458,115.4782,1.4631,1.2,1.3,No errors
14,166,12:08:04,0,0,9.2655,4.5051,0,0,76.7831,246.867,374.9714,364.0344,223.874,48.7609,0,1349.0614,131.3329,137.4015,127.9176,115.4782,1.4829,1.2,1.3,No errors
14,167,12:09:04,0,0,10.8844,3.7255,0,0,77.3828,244.0575,351.313,318.139,174.0574,15.4332,0,1194.9927,126.1154,130.5569,122.0499,115.4782,1.4709,1.2,1.3,No errors
14,168,12:10:04,0,0,10.2604,8.2613,0,0,62.2096,220.6515,321.1828,291.2681,161.6631,18.3136,0,1093.8104,126.7972,131.4122,122.4119,115.4782,1.4905,1.2,1.3,No errors
14,169,12:11:04,0,0,6.7247,0,0,0,66.2627,187.4964,272.0814,255.5201,150.4968,26.2611,0,964.8432,128.525,134.2618,125.3482,115.4782,1.467,1.2,1.3,No errors
14,170,12:12:04,0,0,7.6564,9.4039,0,0,43.6065,175.6848,264.5302,243.0537,133.7752,11.4144,0,889.1252,127.561,131.627,122.7636,115.4782,1.4891,1.2,1.3,No errors
14,171,12:13:04,0,0,9.2655,9.9005,0,0,42.0629,174.2838,247.4518,209.8516,101.6,0,0,794.416,123.0571,125.9289,117.5699,115.4782,1.4923,1.2,1.3,No errors
14,172,12:14:04,0,0,4.2349,1.5305,0,0,38.4908,116.3901,177.4821,176.0343,112.8422,29.7238,0,656.7286,132.8815,139.5138,129.6689,115.4782,1.4874,1.2,1.3,No errors
14,173,12:15:04,0,0,6.5243,6.2243,0,0,37.1964,140.2432,197.1483,168.8094,85.3679,1.6774,0,643.1913,123.4985,126.8923,118.6034,115.4782,1.4815,1.2,1.3,No errors
14,174,12:16:04,0,0,5.3018,0,0,0,38.6656,110.8677,159.742,148.7732,86.7247,14.4615,0,564.5366,127.9198,133.4661,124.3764,115.4782,1.4792,1.2,1.3,No errors
14,175,12:17:04,0,0,5.8661,0.1893,0,0,40.2792,116.6473,152.2838,124.3957,60.0751,0,0,499.7363,120.2639,123.9065,116.2253,115.4782,1.4581,1.2,1.3,No errors
14,176,12:18:04,0,0,4.9886,8.9921,0,0,22.4364,105.9992,158.7269,138.534,65.424,0,0,505.1011,124.4191,126.8706,118.3844,115.4782,1.4982,1.2,1.3,No errors
14,177,12:19:04,0,0,3.6054,2.6398,0,0,24.0301,85.693,127.002,115.346,61.4888,2.7371,0,422.5421,126.3245,130.0043,121.7755,115.4782,1.467,1.2,1.3,No errors
14,178,12:20:04,0,0,3.7164,7.3548,0,0,17.6752,89.0603,136.7855,122.762,61.3033,0,0,438.6575,126.048,128.6352,120.2638,115.4782,1.4881,1.2,1.3,No errors
14,179,12:21:04,0.5081,0.2169,0.9838,0.2949,0.2154,0.5009,0.7922,0.5244,0.1221,0,0.1323,0.3028,0.2045,4.7984,47.7152,76.167,45.731,20.5353,2.6359,1.2,1.3,No errors
14,180,12:22:04,0.7674,0.3658,0.2172,0.9182,1.2279,1.262,1.2676,1.2846,0.8302,0.1034,0,0,0,8.2443,49.6522,55.2803,44.9787,86.5964,1.9853,1.2,1.3,No errors
14,181,12:23:04,0.0207,0.665,0.3512,0.7318,0.6935,0.9291,1.5256,2.1764,1.7548,0.3338,0,0,0,9.182,71.7188,70.779,59.7093,86.5964,1.8871,1.2,1.3,No errors
14,182,12:24:04,0.1115,0.5122,0.0063,0.2532,1.0784,1.4459,0.947,0,0,0,0.3861,0.4769,0.1796,5.3971,49.8497,85.7871,56.4979,48.6968,2.3648,1.2,1.3,No errors
14,183,12:25:04,0.3472,0.5491,0.2967,0.5921,0.6814,0.4489,0.1166,0,0.2356,0.4811,0.4379,0.1582,0,4.3448,38.0073,74.4854,46.1781,36.5174,2.6449,1.2,1.3,No errors
14,184,12:26:04,0.1939,0.3889,0.0867,1.0325,1.6874,1.3372,0.2841,0,0,0.7028,1.0921,0.7609,0.0577,7.6242,47.0998,97.7697,63.3973,36.5174,2.5451,1.2,1.3,No errors
14,185,12:27:04,0.0778,0.27,0.8034,0.9577,0.1088,0,0,1.1392,1.7445,1.199,0.0445,0,0,6.3449,96.9459,85.9956,65.7747,115.4782,2.2627,1.2,1.3,No errors
14,186,12:28:04,0.4088,0.2236,0,0.7078,1.3758,1.0726,0.1919,0,0,0.3455,0.5701,0.4223,0.1614,5.4797,42.9235,88.9324,55.1175,36.5174,2.5934,1.2,1.3,No errors
14,187,12:29:04,0,0.2298,1.0482,0.3173,0.674,1.0288,0.6378,0,0,0,0.7656,1.2758,0.7168,6.6942,58.2713,137.1685,80.7605,273.842,2.9608,1.2,1.3,No errors
14,188,12:30:04,0,0.04,1.5024,1.1152,0.5458,0.354,0.5339,0.6619,0.5672,0.3494,0.1469,0.0313,0,5.848,37.1525,59.7147,45.0888,20.5353,2.0712,1.2,1.3,No errors
14,189,12:31:04,0.0665,0.3544,0.9002,1.3277,1.008,0.6256,0.6822,1.1436,1.3939,0.9492,0,0,0,8.4512,55.5289,68.4882,53.631,115.4782,2.0671,1.2,1.3,No errors
14,190,12:32:04,0,0.3993,1.3699,1.7206,1.4313,1.0503,0.85,0.8229,0.6047,0.1463,0,0,0,8.3953,37.2207,48.0779,40.0741,27.3842,1.8014,1.2,1.3,No errors
14,191,12:33:04,0.1034,0.4354,0.7876,0.9312,0.5177,0.592,1.358,2.2215,1.7639,0.2952,0,0,0,9.006,72.6641,69.6226,57.6329,86.5964,1.9521,1.2,1.3,No errors
14,192,12:34:04,1.0391,0.4858,0,0.5775,1.6136,1.809,1.1534,0.2423,0,0,0.0643,0.1791,0.0941,7.2581,42.033,51.6362,38.0597,48.6968,2.0823,1.2,1.3,No errors
14,193,12:35:04,0.4634,0.7692,0.2703,0.9539,0.805,0.3441,0.1606,0.5655,0.7968,0.4451,0,0,0,5.5739,36.3221,56.5104,40.7407,27.3842,2.2762,1.2,1.3,No errors
14,194,12:36:04,447.8787,444.9519,0,0,8005.5474,20426.2148,29037.0703,28017.8672,17690.5684,4404.77,0,0,0,108474.8687,73.0758,76.8113,71.3076,64.9382,1.4878,1.2,1.3,No errors
14,195,12:37:04,0,107.5145,168.8325,0,0,2845.1694,8326.2939,12363.3359,11474.9658,6111.4512,0,0,0,41397.5633,94.6758,97.1365,91.6718,86.5964,1.4226,1.2,1.3,No errors
14,196,12:38:04,0,20.4733,214.9149,0,0,544.9146,3980.8406,7361.2646,7823.1943,4905.0493,746.2722,0,0,25596.9238,103.9494,107.0141,100.9099,115.4782,1.4279,1.2,1.3,No errors
14,197,12:39:04,0,0,164.9403,0,0,68.6268,2327.1018,4799.4658,5451.2192,3736.2927,957.0841,0,0,17504.7309,109.6437,112.8187,106.3664,115.4782,1.4278,1.2,1.3,No errors
14,198,12:40:04,0,0,138.0149,0,0,0,1451.3269,3418.8347,4115.6592,2974.1411,898.746,0,0,12996.7228,113.2386,116.2573,109.5543,115.4782,1.4333,1.2,1.3,No errors
14,199,12:41:04,0,0,104.9523,0,0,0,997.2883,2538.3918,3189.1318,2442.1841,909.2902,0,0,10181.2385,116.3587,119.6133,112.571,115.4782,1.4394,1.2,1.3,No errors
14,200,12:42:04,0,0,90.1823,0,0,0,781.7097,2049.7212,2605.5979,2019.651,777.1285,0,0,8323.9906,117.0791,120.3269,113.1841,115.4782,1.443,1.2,1.3,No errors
14,201,12:43:04,0,0,72.9317,20.0459,0,0,549.4714,1632.0175,2165.5002,1742.8866,733.3779,0,0,6916.2311,119.4565,122.6269,115.1943,115.4782,1.4525,1.2,1.3,No errors
14,202,12:44:04,0,0,54.3235,0,0,0,433.8212,1212.9344,1652.6212,1409.8141,680.0328,0,0,5443.5473,121.85,125.2698,117.7183,115.4782,1.4481,1.2,1.3,No errors
14,203,12:45:04,0,0,47.1741,26.5298,0,0,322.7507,1058.548,1473.0355,1251.3542,595.6616,0,0,4775.0539,122.3703,125.5366,117.748,115.4782,1.4623,1.2,1.3,No errors
14,204,12:46:04,0,0,35.1013,14.5883,0,0,270.0666,845.3701,1202.566,1064.8864,549.8962,3.5778,0,3986.0527,124.2366,127.6002,119.7786,115.4782,1.4558,1.2,1.3,No errors
14,205,12:47:04,0,0,34.1814,11.6228,0,0,225.4595,734.5102,1043.0392,918.2493,473.4389,6.9358,0,3447.4371,124.2324,127.7007,119.7722,115.4782,1.4608,1.2,1.3,No errors
14,206,12:48:04,0,0,30.397,27.7229,0,0,164.1124,631.9474,922.6758,816.3152,417.9363,0,0,3011.1071,124.8269,127.8084,119.647,115.4782,1.4764,1.2,1.3,No errors
14,207,12:49:04,0,0,26.7758,11.7874,0,0,155.0715,532.5026,764.8904,679.2136,357.1896,15.4985,0,2542.9294,125.0623,128.8166,120.524,115.4782,1.4729,1.2,1.3,No errors
14,208,12:50:04,0,0,24.6183,26.5075,0,0,123.5438,504.7369,735.3945,641.2652,316.4048,0,0,2372.471,124.2618,127.1287,118.9188,115.4782,1.4819,1.2,1.3,No errors
14,209,12:51:04,0,0,16.5327,14.2897,0,0,97.2085,376.0133,573.7109,541.3093,314.4431,48.8302,0,1982.3378,129.6496,134.7686,125.5441,115.4782,1.4887,1.2,1.3,No errors
14,210,12:52:04,0,0,20.4796,15.4308,0,0,96.0153,380.3453,545.8397,473.2809,238.4179,0,0,1769.8095,124.0423,127.0695,118.8643,115.4782,1.4811,1.2,1.3,No errors
14,211,12:53:04,0,0,12.5707,17.1273,0,0,65.7448,288.2775,452.2925,436.6053,263.8321,51.8266,0,1588.2768,131.6156,137.1267,127.3251,115.4782,1.5053,1.2,1.3,No errors
14,212,12:54:04,0,0,14.3909,10.2823,0,0,75.345,291.287,428.4761,384.8265,205.0449,11.276,0,1420.9287,126.138,129.9352,121.4523,115.4782,1.4794,1.2,1.3,No errors
14,213,12:55:04,0,0,10.933,12.044,0,0,61.4968,245.5596,364.9614,335.1729,190.8674,28.195,0,1249.2301,128.237,133.2723,123.9456,115.4782,1.498,1.2,1.3,No errors
14,214,12:56:04,0,0,9.7112,13.4076,0,0,49.2698,217.4421,334.491,310.1331,170.3646,12.5629,0,1117.3823,128.1235,131.9204,123.0725,115.4782,1.4906,1.2,1.3,No errors
14,215,12:57:04,0,0,8.7893,7.148,0,0,46.4195,182.6958,287.109,278.5735,166.398,28.8835,0,1006.0169,131.3137,136.5229,127.0578,115.4782,1.4939,1.2,1.3,No errors
14,216,12:58:04,0,0,9.1212,8.595,0,0,38.5745,175.5225,267.7655,246.9525,137.2222,14.2346,0,897.9879,128.3694,132.6901,123.6661,115.4782,1.4938,1.2,1.3,No errors
14,217,12:59:04,0,0,6.1471,6.2199,0,0,32.147,139.7923,224.934,223.6978,139.9818,31.0728,0,803.9928,133.6502,139.5126,129.7178,115.4782,1.4965,1.2,1.3,No errors
14,218,13:00:04,0,0,7.7881,2.4965,0,0,40.095,142.6807,209.2947,193.094,112.1933,20.1588,0,727.801,128.5439,134.1729,124.779,115.4782,1.4941,1.2,1.3,No errors
14,219,13:01:04,0,0,6.0861,10.0377,0,0,22.9339,126.3803,198.7527,184.2957,100.1109,5.7228,0,654.3201,128.457,131.8776,122.961,115.4782,1.4988,1.2,1.3,No errors
14,220,13:02:04,0,0,6.6174,9.4466,0,0,22.2016,121.7243,188.1922,173.1053,95.4786,8.6728,0,625.4389,128.3854,132.3039,122.994,115.4782,1.5114,1.2,1.3,No errors
14,221,13:03:04,0,0,6.0519,8.0442,0,0,21.2232,109.5052,168.888,153.6417,80.4699,0.6865,0,548.5106,126.8626,129.5887,120.9456,115.4782,1.4979,1.2,1.3,No errors
14,222,13:04:04,0,0,5.0224,5.1464,0,0,16.224,88.4233,141.0371,136.9938,84.6908,19.6088,0,497.1465,132.996,138.9906,128.7913,115.4782,1.5174,1.2,1.3,No errors
14,223,13:05:04,0,0,5.0177,6.3165,0,0,13.8129,83.7222,136.0565,130.0134,73.5236,7.1905,0,455.6532,130.5004,134.3632,125.0129,115.4782,1.5092,1.2,1.3,No errors
14,224,13:06:04,0.1778,0.2638,0,0.229,0.7432,0.4014,0,0.1631,3.2705,6.5497,7.0296,4.5252,0.7149,24.0682,181.6809,182.9498,161.9667,205.3525,1.7942,1.2,1.3,No errors
14,225,13:07:04,1.1579,0.3758,0,0.1291,0.5965,1.0164,1.4427,1.7373,1.949,1.5931,0.5922,0,0,10.5899,84.1537,87.8278,67.3833,115.4782,2.3014,1.2,1.3,No errors
14,226,13:08:04,0.5608,0.2929,0,0.8111,1.6235,1.5681,0.7769,0,0,0.3659,0.6265,0.4677,0.0443,7.1378,45.1496,76.8542,51.2524,36.5174,2.378,1.2,1.3,No errors
14,227,13:09:04,0.2132,0.1952,0.5459,0.9214,0.4423,0,0,0.6387,1.3582,1.3939,0.7605,0,0,6.4693,107.9336,99.0891,72.5499,153.9927,2.4232,1.2,1.3,No errors
14,228,13:10:04,0.1403,0.4121,0.114,0.7948,0.5456,0.1494,0.3182,1.2771,2.1159,1.8551,0.6296,0,0,8.352,107.8002,101.7516,81.5499,115.4782,2.1342,1.2,1.3,No errors
14,229,13:11:04,0,0,0.8148,0.6964,0.3903,0.7027,1.5072,2.0213,1.2746,0,0,0,0,7.4073,70.6403,68.0915,59.4758,86.5964,1.7499,1.2,1.3,No errors
14,230,13:12:04,0.2386,0.4185,0,0.8856,1.0109,0.6136,0.2691,0.5034,0.907,0.8712,0.351,0,0,6.0689,53.7426,77.8209,57.7285,36.5174,2.2515,1.2,1.3,No errors
14,231,13:13:04,0,0.1563,0.3301,0.5276,0.6246,0.5794,0.4011,0.188,0,0,0.065,0.2347,0.306,3.413,44.2688,89.7601,54.5995,36.5174,2.4768,1.2,1.3,No errors
14,232,13:14:04,0.0944,0,0.0558,0.7581,0.4439,0,0.0365,0.7954,1.2401,0.9301,0.23,0,0,4.5842,103.9738,96.8782,78.5651,115.4782,2.0545,1.2,1.3,No errors
14,233,13:15:04,0.2028,0,0.0825,1.5,1.2411,0.1797,0,0.0691,0.8547,0.9935,0.4574,0,0,5.5808,40.5808,80.7741,58.212,27.3842,2.2892,1.2,1.3,No errors
14,234,13:16:04,55.5459,50.3844,0,0,642.7391,693.9415,0,0,0,521.4073,3144.8374,4168.918,2418.2451,11696.0187,253.7655,240.2082,206.1066,273.842,1.9657,1.2,1.3,No errors
14,235,13:17:04,0,285.2498,0,0,1657.7052,9334.1406,17291.4492,20272.1484,15556.4023,6083.7222,0,0,0,70480.8178,84.084,86.9898,81.4776,86.5964,1.4479,1.2,1.3,No errors
14,236,13:18:04,0,64.2543,208.0135,0,0,1653.2994,6247.9688,10064.2813,9742.2051,5364.606,16.6975,0,0,33361.3257,97.1275,99.444,94.0264,86.5964,1.4174,1.2,1.3,No errors
14,237,13:19:04,0,11.3949,181.7397,0,0,362.1788,3138.8948,5936.8794,6366.7769,4038.2122,690.8131,0,0,20726.8897,104.9135,107.9964,101.8384,115.4782,1.4275,1.2,1.3,No errors
14,238,13:20:04,0,0,144.8973,0,0,0,1878.2159,4048.0649,4657.8213,3189.6538,776.6845,0,0,14695.3378,110.2724,113.2363,106.9212,115.4782,1.4224,1.2,1.3,No errors
14,239,13:21:04,0,0,110.1256,0,0,0,1252.1891,2862.3618,3432.9072,2493.3669,772.2222,0,0,10923.1729,113.1791,116.3042,109.5799,115.4782,1.4328,1.2,1.3,No errors
14,240,13:22:04,0,0,82.5909,0,0,0,835.1709,2090.3508,2627.1536,2015.9446,746.3468,0,0,8397.5576,116.3098,119.5623,112.5568,115.4782,1.4373,1.2,1.3,No errors
14,241,13:23:04,0,0,69.2169,1.7186,0,0,638.0168,1678.7198,2129.8315,1636.9498,609.2877,0,0,6763.7413,116.7675,119.9658,112.9359,115.4782,1.4386,1.2,1.3,No errors
14,242,13:24:04,0,0,58.5828,3.3939,0,0,511.8956,1385.6567,1781.3525,1384.5057,523.8166,0,0,5649.2038,117.402,120.5495,113.4616,115.4782,1.4405,1.2,1.3,Charger flow error; 
14,243,13:25:04,0,0,31.4984,13.4206,0,0,211.6142,672.8478,915.7811,751.718,326.1829,0,0,2923.063,120.6189,123.6773,116.07,115.4782,1.4595,1.2,1.3,Charger flow error; 
14,244,13:26:04,0,0,43.3964,0,0,0,369.7536,989.5853,1267.9452,998.3229,410.8424,0,0,4079.8459,117.9718,121.3572,114.1058,115.4782,1.4447,1.2,1.3,No errors
14,245,13:27:04,0,0,33.5375,14.7147,0,0,254.3793,774.7202,1055.111,875.4441,389.5342,0,0,3397.441,120.8826,124.0182,116.4235,115.4782,1.4565,1.2,1.3,No errors
14,246,13:28:04,0,0,27.6097,5.792,0,0,215.7208,647.4915,892.7308,762.8578,368.644,0,0,2920.8467,122.3195,125.6731,118.0857,115.4782,1.4501,1.2,1.3,No errors
14,247,13:29:04,0,0,23.2342,10.2218,0,0,170.5687,531.1693,738.442,635.2298,313.9308,0,0,2422.7965,122.7685,126.0494,118.2586,115.4782,1.4594,1.2,1.3,No errors
14,248,13:30:04,0,0,23.7388,8.4546,0,0,153.3839,487.3723,672.415,568.3096,268.6081,0,0,2182.2823,121.995,125.1938,117.4238,115.4782,1.4622,1.2,1.3,No errors
14,249,13:31:04,0,0,19.5555,13.5842,0,0,119.2116,417.7971,595.6761,518.5011,259.3991,0,0,1943.7248,123.7628,126.8677,118.8758,115.4782,1.4694,1.2,1.3,No errors
14,250,13:32:04,0,0,16.0367,15.6676,0,0,98.9203,358.154,509.7214,440.7839,218.5919,0,0,1657.8758,123.5255,126.5623,118.4717,115.4782,1.4752,1.2,1.3,No errors
14,251,13:33:04,0,0,14.2859,1.7754,0,0,99.9664,299.6172,421.0414,376.6979,207.5361,23.5905,0,1444.511,125.5769,130.4852,121.822,115.4782,1.4743,1.2,1.3,No errors
14,252,13:34:04,0,0,11.498,6.2063,0,0,88.96,277.8932,392.2752,344.4008,176.4187,0.8259,0,1298.4781,123.7746,127.0997,119.2205,115.4782,1.46,1.2,1.3,No errors
14,253,13:35:04,0,0,12.2645,4.1856,0,0,82.1419,256.9338,346.1397,286.8497,135.7268,0,0,1124.2421,121.1502,124.4984,116.7436,115.4782,1.4623,1.2,1.3,No errors
14,254,13:36:04,0,0,10.1914,4.7685,0,0,64.9897,217.5941,315.7501,279.6158,139.0339,0,0,1031.9435,124.3488,127.4053,119.5792,115.4782,1.46,1.2,1.3,No errors
14,255,13:37:04,0,0,8.9017,5.221,0,0,57.4319,194.5842,276.9073,244.7303,129.3565,7.3655,0,924.4984,124.9029,128.8804,120.4943,115.4782,1.4746,1.2,1.3,No errors
14,256,13:38:04,0,0,7.6838,1.0991,0,0,54.6595,163.95,235.153,212.3546,113.9217,6.4287,0,795.2504,125.4322,129.4504,121.2438,115.4782,1.463,1.2,1.3,No errors
14,257,13:39:04,0,0,7.7951,7.303,0,0,44.0759,162.6432,229.1322,197.5633,101.3096,3.6264,0,753.4487,123.8193,127.3967,118.9245,115.4782,1.4866,1.2,1.3,No errors
14,258,13:40:04,0,0,8.3303,9.2923,0,0,42.2912,170.3666,233.0347,184.766,73.8635,0,0,721.9447,119.9361,122.5247,114.6114,115.4782,1.4826,1.2,1.3,No errors
14,259,13:41:04,0,0,6.0108,0.5358,0,0,43.4182,127.4684,172.1211,147.7448,78.001,7.1012,0,582.4013,123.3109,128.0665,119.6613,115.4782,1.4706,1.2,1.3,No errors
14,260,13:42:04,0,0,4.3654,5.3836,0,0,33.7098,115.4392,168.426,151.9082,81.3701,4.1294,0,564.7317,125.7403,129.4515,120.9643,115.4782,1.4784,1.2,1.3,No errors
14,261,13:43:04,0,0,3.431,0,0,0,30.8529,89.8311,136.7145,132.0226,76.4753,8.9639,0,478.2913,129.3907,134.0818,125.6091,115.4782,1.4559,1.2,1.3,No errors
14,262,13:44:04,0,0,4.4635,1.985,0,0,26.7455,90.0678,127.2765,113.97,65.4481,12.7788,0,442.7352,127.0121,132.9686,123.4704,115.4782,1.4985,1.2,1.3,No errors
14,263,13:45:04,0,0,4.5449,1.8435,0,0,27.8955,88.5537,118.6352,98.0543,46.9475,0,0,386.4746,121.0342,124.3651,116.4383,115.4782,1.4712,1.2,1.3,No errors
14,264,13:46:04,0,0.1601,1.5687,0.9577,0.5838,0.9393,1.6825,1.9869,1.6396,0.8159,0,0,0,10.3346,67.6026,70.0815,57.5419,86.5964,1.9432,1.2,1.3,Charger flow error; 
14,265,13:47:04,0,0.572,1.0796,0.7593,0.1456,0,0,0.2846,1.2724,1.7782,1.2714,0.2277,0,7.3908,123.6632,111.7532,77.8025,153.9927,2.631,1.2,1.3,No errors
14,266,13:48:04,0.3775,0.2862,0.1857,0.5746,0,0,0.3247,1.7027,1.9993,0.8765,0,0,0,6.3272,96.7665,88.9341,71.6708,115.4782,2.168,1.2,1.3,No errors
14,267,13:49:04,0.5426,0.7158,0,0,0.7731,1.423,1.3402,0.6992,0.2309,0.1937,0.3388,0.3808,0.1516,6.7897,56.2216,80.7251,55.0592,48.6968,2.411,1.2,1.3,No errors
14,268,13:50:04,0.1138,0.2013,0.009,0.4939,0.9344,1.2073,1.3169,1.352,1.3072,0.9126,0.2009,0,0,8.0493,72.1419,80.3024,67.845,86.5964,1.8456,1.2,1.3,No errors
14,269,13:51:04,0.5836,0.5721,0,1.8698,1.7802,0.8352,0.4754,1.4836,1.7551,0.7211,0,0,0,10.0761,46.5605,64.0623,49.9166,27.3842,2.0967,1.2,1.3,No errors
14,270,13:52:04,0.0093,0.0881,0,0,1.3358,2.7839,2.4544,0.4236,0,0,0.4283,1.1047,0.7019,9.33,60.2755,110.2529,77.9495,48.6968,2.1634,1.2,1.3,No errors
14,271,13:53:04,0.1439,0.3999,0.1267,0.86,0.476,0.0284,0.2596,1.2847,1.7154,1.0772,0.0169,0,0,6.3888,93.4656,85.8204,68.1892,115.4782,2.143,1.2,1.3,No errors
14,272,13:54:04,0.0211,0.1905,0.8005,0.6984,0,0,0.5219,2.6755,3.6392,2.5659,0.4234,0,0,11.5363,109.0035,104.5947,89.7475,115.4782,1.8975,1.2,1.3,No errors
14,273,13:55:04,0.0529,0.334,0.3489,1.1285,0.5863,0,0,0.5261,1.4027,1.2338,0.2155,0,0,5.8287,98.0408,86.9866,64.79,115.4782,2.3042,1.2,1.3,No errors
14,274,13:56:04,0.5932,0.7521,0.125,1.196,1.1936,0.7065,0.5836,1.2966,2.0595,1.7282,0.3982,0,0,10.6325,79.0079,81.6035,61.0044,115.4782,2.3035,1.2,1.3,No errors
14,275,13:57:04,0,0.434,0.433,0.3743,0.2745,0.98,2.2823,3.3306,2.7945,0.9304,0,0,0,11.8335,84.4073,83.3374,73.6167,86.5964,1.7404,1.2,1.3,No errors
14,276,13:58:04,0.416,1.1849,0.1728,0.1259,1.5259,2.2831,1.4191,0,0,0,0.7849,1.3759,0.7759,10.0644,52.6068,110.3266,64.6586,48.6968,2.8333,1.2,1.3,No errors
14,277,13:59:04,0,0.2313,0.4176,0,0.4388,1.1111,1.2487,0.6244,0.1142,0.1218,0.3675,0.4988,0.2397,5.4138,64.5307,101.4017,71.48,64.9382,2.2693,1.2,1.3,No errors
14,278,14:00:04,0,0,0.3492,0.1106,0.5256,0.8317,0.5708,0,0,0,0.4113,0.6163,0.4038,3.8193,59.8892,132.914,84.7785,48.6968,2.6198,1.2,1.3,No errors
14,279,14:01:04,0,0,0.5301,0.8278,0.6,0.1971,0,0.1092,0.4029,0.6004,0.5516,0.2981,0,4.1171,49.8687,99.1956,66.8371,27.3842,2.5045,1.2,1.3,No errors
14,280,14:02:04,0.1057,0.0472,0,0,0.7038,1.1693,0.8698,0.1029,0.1114,0.6683,0.928,0.6502,0.0276,5.3842,71.3276,119.6893,89.5485,48.6968,2.211,1.2,1.3,No errors
14,281,14:03:04,0,0.1388,0.3598,0.6113,0.4873,0.3358,0.3752,0.6076,0.6818,0.4127,0,0,0,4.0102,60.4614,69.7407,55.9805,115.4782,1.9922,1.2,1.3,No errors
14,282,14:04:04,7588.1982,0,14639.0947,99173.6484,123530.7266,94101.4453,48690.5625,24985.8262,15000.8516,6353.4063,0,0,0,434063.7598,40.2003,46.6146,41.6797,36.5174,1.5812,1.2,1.3,No errors
14,283,14:05:04,0,195.9252,27.5056,0,124.1427,5839.4492,13200.6934,17511.8691,14943.3125,7004.5591,0,0,0,58847.4569,90.2495,92.9598,87.6135,86.5964,1.4227,1.2,1.3,No errors
14,284,14:06:04,0,45.0403,212.4662,0,0,1227.5804,5471.0732,9277.1963,9420.4063,5630.75,587.4616,0,0,31871.9743,100.2273,103.5101,97.5467,115.4782,1.4293,1.2,1.3,No errors
14,285,14:07:04,0,3.1483,188.3733,0,0,192.2506,2929.9128,5853.8608,6559.1074,4406.502,992.0397,0,0,21125.195,108.2045,111.2504,104.8991,115.4782,1.4271,1.2,1.3,No errors
14,286,14:08:04,0,0,151.8578,0,0,0,1821.1849,4091.1526,4850.6909,3463.5427,1000.425,0,0,15378.854,112.3279,115.3929,108.8054,115.4782,1.4289,1.2,1.3,No errors
14,287,14:09:04,0,0,122.9578,0,0,0,1259.6927,3007.8784,3653.4282,2685.8567,879.1824,0,0,11608.9963,114.0793,117.2224,110.3811,115.4782,1.4366,1.2,1.3,No errors
14,288,14:10:04,0,0,97.7713,0,0,0,882.5371,2277.1204,2867.8774,2192.5745,806.2078,0,0,9124.0885,116.3668,119.5608,112.5158,115.4782,1.4405,1.2,1.3,No errors
14,289,14:11:04,0,0,82.1043,18.6099,0,0,626.7854,1820.4661,2390.2175,1887.2487,738.2281,0,0,7563.66,118.4328,121.4731,114.1847,115.4782,1.4494,1.2,1.3,No errors
14,290,14:12:04,0,0,60.6204,5.5608,0,0,467.557,1354.4404,1832.3584,1525.4032,688.3953,0,0,5934.3355,120.8805,124.1775,116.7233,115.4782,1.448,1.2,1.3,No errors
14,291,14:13:04,0,0,52.143,22.6883,0,0,369.6443,1155.7195,1580.8928,1318.9481,600.7101,0,0,5100.7462,121.2912,124.4527,116.7826,115.4782,1.4592,1.2,1.3,No errors
14,292,14:14:04,0,0,46.5739,16.809,0,0,304.3621,977.7193,1351.8113,1138.7766,527.2388,0,0,4363.291,121.8817,125.0401,117.3466,115.4782,1.4594,1.2,1.3,No errors
14,293,14:15:04,0,0,36.3913,18.5586,0,0,231.3734,783.4021,1114.9639,968.9365,476.2038,0,0,3629.8295,123.5595,126.6927,118.8603,115.4782,1.462,1.2,1.3,No errors
14,294,14:16:04,0,0,32.6028,23.2544,0,0,191.8497,680.7651,971.0179,836.2975,400.4313,0,0,3136.2187,123.2352,126.2224,118.2755,115.4782,1.47,1.2,1.3,No errors
14,295,14:17:04,0,0,25.1133,20.4463,0,0,153.401,562.8836,828.6449,745.4677,392.0868,10.2256,0,2738.2693,125.7337,129.1269,120.9154,115.4782,1.4712,1.2,1.3,No errors
14,296,14:18:04,0,0,21.2135,12.7423,0,0,137.2071,477.989,699.0671,631.4532,337.773,17.4294,0,2334.8747,126.021,129.8521,121.5529,115.4782,1.4694,1.2,1.3,No errors
14,297,14:19:04,0,0,20.1122,28.1762,0,0,100.4564,439.9313,650.2318,570.6537,283.5978,0,0,2093.1595,124.7681,127.5613,119.2781,115.4782,1.4849,1.2,1.3,No errors
14,298,14:20:04,0,0,15.7076,8.321,0,0,96.0542,339.1848,502.3319,467.5331,271.6911,45.0216,0,1745.8454,128.7867,134.1966,124.9637,115.4782,1.4877,1.2,1.3,No errors
14,299,14:21:04,0,0,14.192,9.1975,0,0,86.1984,310.0066,454.974,416.9749,236.7099,34.6776,0,1562.9309,127.8397,132.9823,123.8689,115.4782,1.4879,1.2,1.3,No errors
14,300,14:22:04,0,0,13.0561,12.0364,0,0,69.9193,276.5475,417.699,388.7482,221.9856,30.8671,0,1430.8592,128.7793,133.6425,124.4112,115.4782,1.4942,1.2,1.3,No errors
14,301,14:23:04,0,0,11.8655,11.8516,0,0,58.9701,242.3259,368.9109,342.988,192.7353,22.1513,0,1251.7986,128.5217,132.9652,123.8442,115.4782,1.4947,1.2,1.3,No errors
14,302,14:24:04,0,0,9.9141,11.6204,0,0,46.914,207.274,323.7801,308.0571,179.3368,26.8347,0,1113.7312,130.2979,135.1505,125.7113,115.4782,1.5003,1.2,1.3,No errors
14,303,14:25:04,0,0,3.8785,1.2458,0,0,24.0139,90.8602,156.1904,169.01,117.1565,36.7791,0,599.1345,140.9514,146.435,136.3125,153.9927,1.4841,1.2,1.3,No errors
14,304,14:26:04,0,0,8.2678,10.5135,0,0,30.4414,162.3184,261.097,252.883,151.0975,27.0735,0,903.6922,132.0519,137.2436,127.4991,115.4782,1.5076,1.2,1.3,No errors
14,305,14:27:04,0,0,6.0088,3.8897,0,0,36.5949,138.5434,218.1775,217.5266,140.0335,37.5988,0,798.3732,134.1133,140.7215,130.6855,115.4782,1.4967,1.2,1.3,No errors
14,306,14:28:04,0,0,6.482,9.8353,0,0,30.779,143.7363,214.3399,193.4002,106.8086,12.6095,0,717.9909,127.4755,131.9912,122.7079,115.4782,1.505,1.2,1.3,No errors
14,307,14:29:04,0,0,5.8192,2.8917,0,0,30.8998,117.4211,186.9789,187.8361,120.6989,30.83,0,683.3757,134.3168,140.6536,130.6525,153.9927,1.4975,1.2,1.3,No errors
14,308,14:30:04,0,0,5.1735,4.8831,0,0,28.4203,113.0605,165.6615,150.4766,85.6824,13.6193,0,566.9773,127.8782,133.1682,123.8167,115.4782,1.4979,1.2,1.3,No errors
14,309,14:31:04,0,0,3.959,0,0,0,26.4669,87.9965,141.3924,144.0285,91.7038,20.8742,0,516.4213,134.3531,140.341,130.9339,153.9927,1.4735,1.2,1.3,No errors
14,310,14:32:04,0,0,6.6069,5.3606,0,0,25.0206,105.0257,152.8423,133.4256,67.2018,0,0,495.4834,124.3478,127.1459,118.6274,115.4782,1.4974,1.2,1.3,No errors
14,311,14:33:04,0,0,4.1084,3.1855,0,0,21.8273,79.2969,121.9228,117.1659,70.1931,13.4017,0,431.1015,130.6476,136.0752,126.3049,115.4782,1.5055,1.2,1.3,No errors
14,312,14:34:04,0.2208,0.3391,0.3242,0.19,1.2948,2.189,2.0817,1.034,0.7165,1.0951,1.2313,0.8241,0.0108,11.5514,67.9035,98.004,73.9167,48.6968,2.161,1.2,1.3,No errors
14,313,14:35:04,0.1665,0.186,0.6246,0.9441,0.9896,0.9024,0.8416,0.7874,0.6277,0.2984,0,0,0,6.3683,46.9113,57.2867,46.8927,36.5174,1.9031,1.2,1.3,No errors
14,314,14:36:04,0.3663,1.1219,0.3265,0.3732,0.8284,1.4275,1.7228,1.5608,0.6382,0,0,0.2586,0.4223,9.0465,57.6914,75.604,52.5494,64.9382,2.2961,1.2,1.3,No errors
